puzzle_idx,final_status,position,cnn_prediction,cnn_confidence,true_value,true_digit_rank,true_digit_prob,confusion_type,cell_type,digit_errors
0,single,"(10, 12)",13,0.7735547423362732,12,2,0.45204511284828186,12->13 (ones: 2->3),double,"{'type': 'ones', 'tens': {'predicted': 1, 'true': 1, 'rank': 1, 'wrong': False}, 'ones': {'predicted': 3, 'true': 2, 'rank': 2, 'wrong': True}}"
0,single,"(11, 6)",70,0.906711608171463,10,2,0.10721195489168167,10->70 (tens: 1->7),double,"{'type': 'tens', 'tens': {'predicted': 7, 'true': 1, 'rank': 2, 'wrong': True}, 'ones': {'predicted': 0, 'true': 0, 'rank': 1, 'wrong': False}}"
0,single,"(12, 14)",73,0.7952995002269745,13,2,0.4047260582447052,13->73 (tens: 1->7),double,"{'type': 'tens', 'tens': {'predicted': 7, 'true': 1, 'rank': 2, 'wrong': True}, 'ones': {'predicted': 3, 'true': 3, 'rank': 1, 'wrong': False}}"
0,single,"(13, 12)",76,0.8625790476799011,16,2,0.25391876697540283,16->76 (tens: 1->7),double,"{'type': 'tens', 'tens': {'predicted': 7, 'true': 1, 'rank': 2, 'wrong': True}, 'ones': {'predicted': 6, 'true': 6, 'rank': 1, 'wrong': False}}"
1,single,"(8, 0)",17,0.8656413555145264,11,2,0.25512364506721497,11->17 (ones: 1->7),double,"{'type': 'ones', 'tens': {'predicted': 1, 'true': 1, 'rank': 1, 'wrong': False}, 'ones': {'predicted': 7, 'true': 1, 'rank': 2, 'wrong': True}}"
1,single,"(9, 13)",73,0.8625792264938354,13,2,0.25391876697540283,13->73 (tens: 1->7),double,"{'type': 'tens', 'tens': {'predicted': 7, 'true': 1, 'rank': 2, 'wrong': True}, 'ones': {'predicted': 3, 'true': 3, 'rank': 1, 'wrong': False}}"
1,single,"(15, 11)",4,0.9996415376663208,8,2,0.0003545932995621115,8->4,single,None
2,uncorrectable,"(7, 1)",4,0.8216263651847839,14,5,0.02018873393535614,14->4 (tens: 1->0),double,"{'type': 'tens', 'tens': {'predicted': 0, 'true': 1, 'rank': 5, 'wrong': True}, 'ones': {'predicted': 4, 'true': 4, 'rank': 1, 'wrong': False}}"
2,uncorrectable,"(8, 8)",17,0.9564042687416077,6,11,2.868300795933335e-20,6->17 (both digits),double,"{'type': 'both', 'tens': {'predicted': 1, 'true': 0, 'rank': 6, 'wrong': True}, 'ones': {'predicted': 7, 'true': 6, 'rank': 11, 'wrong': True}}"
2,uncorrectable,"(9, 11)",9,0.6160420179367065,8,2,0.3834701478481293,8->9,single,None
3,none,"(12, 14)",2,0.921559751033783,9,2,0.05147421360015869,9->2,single,None
4,uncorrectable,"(0, 8)",71,0.8774833083152771,11,2,0.23144501447677612,11->71 (tens: 1->7),double,"{'type': 'tens', 'tens': {'predicted': 7, 'true': 1, 'rank': 2, 'wrong': True}, 'ones': {'predicted': 1, 'true': 1, 'rank': 1, 'wrong': False}}"
4,uncorrectable,"(0, 13)",45,0.8878206610679626,6,7,3.948164711831126e-11,6->45 (both digits),double,"{'type': 'both', 'tens': {'predicted': 4, 'true': 0, 'rank': 7, 'wrong': True}, 'ones': {'predicted': 5, 'true': 6, 'rank': 5, 'wrong': True}}"
4,uncorrectable,"(10, 7)",71,0.9999147653579712,11,2,0.00014206941705197096,11->71 (tens: 1->7),double,"{'type': 'tens', 'tens': {'predicted': 7, 'true': 1, 'rank': 2, 'wrong': True}, 'ones': {'predicted': 1, 'true': 1, 'rank': 1, 'wrong': False}}"
4,uncorrectable,"(10, 10)",1,0.9141309857368469,6,3,0.015328716486692429,6->1,single,None
5,single,"(2, 0)",2,0.7199141383171082,8,2,0.27992182970046997,8->2,single,None
5,single,"(3, 4)",70,0.9963738024234772,10,2,0.004705382045358419,10->70 (tens: 1->7),double,"{'type': 'tens', 'tens': {'predicted': 7, 'true': 1, 'rank': 2, 'wrong': True}, 'ones': {'predicted': 0, 'true': 0, 'rank': 1, 'wrong': False}}"
5,single,"(6, 4)",2,0.7879383265972137,12,2,0.3799899220466614,12->2 (tens: 1->0),double,"{'type': 'tens', 'tens': {'predicted': 0, 'true': 1, 'rank': 2, 'wrong': True}, 'ones': {'predicted': 2, 'true': 2, 'rank': 1, 'wrong': False}}"
7,uncorrectable,"(0, 12)",76,0.9781418144702911,16,2,0.00968034379184246,16->76 (tens: 1->7),double,"{'type': 'tens', 'tens': {'predicted': 7, 'true': 1, 'rank': 2, 'wrong': True}, 'ones': {'predicted': 6, 'true': 6, 'rank': 1, 'wrong': False}}"
7,uncorrectable,"(6, 13)",53,0.7787594199180603,5,9,3.414322072044735e-21,5->53 (both digits),double,"{'type': 'both', 'tens': {'predicted': 5, 'true': 0, 'rank': 9, 'wrong': True}, 'ones': {'predicted': 3, 'true': 5, 'rank': 2, 'wrong': True}}"
8,none,"(1, 1)",75,0.8625792264938354,15,2,0.25391876697540283,15->75 (tens: 1->7),double,"{'type': 'tens', 'tens': {'predicted': 7, 'true': 1, 'rank': 2, 'wrong': True}, 'ones': {'predicted': 5, 'true': 5, 'rank': 1, 'wrong': False}}"
8,none,"(6, 11)",1,0.8212918639183044,11,5,0.02018873393535614,11->1 (tens: 1->0),double,"{'type': 'tens', 'tens': {'predicted': 0, 'true': 1, 'rank': 5, 'wrong': True}, 'ones': {'predicted': 1, 'true': 1, 'rank': 1, 'wrong': False}}"
8,none,"(14, 12)",76,0.7565293908119202,16,2,0.30917301774024963,16->76 (tens: 1->7),double,"{'type': 'tens', 'tens': {'predicted': 7, 'true': 1, 'rank': 2, 'wrong': True}, 'ones': {'predicted': 6, 'true': 6, 'rank': 1, 'wrong': False}}"
9,uncorrectable,"(0, 13)",57,1.0,7,9,1.2144415014380372e-19,7->57 (tens: 0->5),double,"{'type': 'tens', 'tens': {'predicted': 5, 'true': 0, 'rank': 9, 'wrong': True}, 'ones': {'predicted': 7, 'true': 7, 'rank': 1, 'wrong': False}}"
9,uncorrectable,"(7, 8)",45,0.8878206610679626,6,7,3.948164711831126e-11,6->45 (both digits),double,"{'type': 'both', 'tens': {'predicted': 4, 'true': 0, 'rank': 7, 'wrong': True}, 'ones': {'predicted': 5, 'true': 6, 'rank': 5, 'wrong': True}}"
9,uncorrectable,"(8, 0)",13,0.7732423841953278,12,2,0.45204511284828186,12->13 (ones: 2->3),double,"{'type': 'ones', 'tens': {'predicted': 1, 'true': 1, 'rank': 1, 'wrong': False}, 'ones': {'predicted': 3, 'true': 2, 'rank': 2, 'wrong': True}}"
9,uncorrectable,"(11, 3)",7,0.8732296228408813,11,12,0.0,11->7,single,None
10,single,"(5, 7)",5,0.9422580599784851,8,2,0.05107676982879639,8->5,single,None
10,single,"(13, 7)",22,0.6901803612709045,12,3,0.25274673104286194,12->22 (tens: 1->2),double,"{'type': 'tens', 'tens': {'predicted': 2, 'true': 1, 'rank': 3, 'wrong': True}, 'ones': {'predicted': 2, 'true': 2, 'rank': 1, 'wrong': False}}"
11,none,"(9, 13)",74,0.9999175071716309,14,2,0.00014206941705197096,14->74 (tens: 1->7),double,"{'type': 'tens', 'tens': {'predicted': 7, 'true': 1, 'rank': 2, 'wrong': True}, 'ones': {'predicted': 4, 'true': 4, 'rank': 1, 'wrong': False}}"
12,none,"(2, 10)",76,0.718997597694397,16,2,0.4124326705932617,16->76 (tens: 1->7),double,"{'type': 'tens', 'tens': {'predicted': 7, 'true': 1, 'rank': 2, 'wrong': True}, 'ones': {'predicted': 6, 'true': 6, 'rank': 1, 'wrong': False}}"
12,none,"(5, 1)",70,0.7189980745315552,10,2,0.4124326705932617,10->70 (tens: 1->7),double,"{'type': 'tens', 'tens': {'predicted': 7, 'true': 1, 'rank': 2, 'wrong': True}, 'ones': {'predicted': 0, 'true': 0, 'rank': 1, 'wrong': False}}"
12,none,"(7, 5)",75,0.8625792264938354,15,2,0.25391876697540283,15->75 (tens: 1->7),double,"{'type': 'tens', 'tens': {'predicted': 7, 'true': 1, 'rank': 2, 'wrong': True}, 'ones': {'predicted': 5, 'true': 5, 'rank': 1, 'wrong': False}}"
12,none,"(10, 2)",76,0.8774834275245667,16,2,0.23144501447677612,16->76 (tens: 1->7),double,"{'type': 'tens', 'tens': {'predicted': 7, 'true': 1, 'rank': 2, 'wrong': True}, 'ones': {'predicted': 6, 'true': 6, 'rank': 1, 'wrong': False}}"
13,none,"(1, 4)",72,0.8774834275245667,12,2,0.23144501447677612,12->72 (tens: 1->7),double,"{'type': 'tens', 'tens': {'predicted': 7, 'true': 1, 'rank': 2, 'wrong': True}, 'ones': {'predicted': 2, 'true': 2, 'rank': 1, 'wrong': False}}"
13,none,"(7, 1)",12,0.9626122117042542,11,2,0.07437329739332199,11->12 (ones: 1->2),double,"{'type': 'ones', 'tens': {'predicted': 1, 'true': 1, 'rank': 1, 'wrong': False}, 'ones': {'predicted': 2, 'true': 1, 'rank': 2, 'wrong': True}}"
13,none,"(8, 6)",71,0.8774834275245667,11,2,0.23144501447677612,11->71 (tens: 1->7),double,"{'type': 'tens', 'tens': {'predicted': 7, 'true': 1, 'rank': 2, 'wrong': True}, 'ones': {'predicted': 1, 'true': 1, 'rank': 1, 'wrong': False}}"
13,none,"(8, 10)",73,0.9966671466827393,13,4,0.0008627657662145793,13->73 (tens: 1->7),double,"{'type': 'tens', 'tens': {'predicted': 7, 'true': 1, 'rank': 4, 'wrong': True}, 'ones': {'predicted': 3, 'true': 3, 'rank': 1, 'wrong': False}}"
13,none,"(9, 15)",3,0.7879399955272675,13,2,0.3799899220466614,13->3 (tens: 1->0),double,"{'type': 'tens', 'tens': {'predicted': 0, 'true': 1, 'rank': 2, 'wrong': True}, 'ones': {'predicted': 3, 'true': 3, 'rank': 1, 'wrong': False}}"
14,single,"(3, 10)",17,0.719833642244339,11,2,0.3325764834880829,11->17 (ones: 1->7),double,"{'type': 'ones', 'tens': {'predicted': 1, 'true': 1, 'rank': 1, 'wrong': False}, 'ones': {'predicted': 7, 'true': 1, 'rank': 2, 'wrong': True}}"
14,single,"(4, 15)",0,0.8763824105262756,2,2,0.11245419830083847,2->0,single,None
15,uncorrectable,"(11, 13)",10,0.9183046519756317,6,10,8.376368954737031e-15,6->10 (both digits),double,"{'type': 'both', 'tens': {'predicted': 1, 'true': 0, 'rank': 5, 'wrong': True}, 'ones': {'predicted': 0, 'true': 6, 'rank': 10, 'wrong': True}}"
16,uncorrectable,"(2, 2)",70,0.7952993810176849,10,2,0.4047260582447052,10->70 (tens: 1->7),double,"{'type': 'tens', 'tens': {'predicted': 7, 'true': 1, 'rank': 2, 'wrong': True}, 'ones': {'predicted': 0, 'true': 0, 'rank': 1, 'wrong': False}}"
16,uncorrectable,"(3, 7)",12,0.9459729790687561,16,7,2.1603005734505132e-05,16->12 (ones: 6->2),double,"{'type': 'ones', 'tens': {'predicted': 1, 'true': 1, 'rank': 1, 'wrong': False}, 'ones': {'predicted': 2, 'true': 6, 'rank': 7, 'wrong': True}}"
16,uncorrectable,"(8, 15)",3,0.9453032314777374,13,2,0.07794619351625443,13->3 (tens: 1->0),double,"{'type': 'tens', 'tens': {'predicted': 0, 'true': 1, 'rank': 2, 'wrong': True}, 'ones': {'predicted': 3, 'true': 3, 'rank': 1, 'wrong': False}}"
17,none,"(5, 15)",18,0.8251893222332001,14,2,0.34954947233200073,14->18 (ones: 4->8),double,"{'type': 'ones', 'tens': {'predicted': 1, 'true': 1, 'rank': 1, 'wrong': False}, 'ones': {'predicted': 8, 'true': 4, 'rank': 2, 'wrong': True}}"
18,uncorrectable,"(2, 11)",14,0.8895790874958038,16,2,0.18199507892131805,16->14 (ones: 6->4),double,"{'type': 'ones', 'tens': {'predicted': 1, 'true': 1, 'rank': 1, 'wrong': False}, 'ones': {'predicted': 4, 'true': 6, 'rank': 2, 'wrong': True}}"
18,uncorrectable,"(9, 0)",5,0.9422580599784851,8,2,0.05107676982879639,8->5,single,None
18,uncorrectable,"(9, 13)",13,0.85526043176651,12,2,0.28947851061820984,12->13 (ones: 2->3),double,"{'type': 'ones', 'tens': {'predicted': 1, 'true': 1, 'rank': 1, 'wrong': False}, 'ones': {'predicted': 3, 'true': 2, 'rank': 2, 'wrong': True}}"
18,uncorrectable,"(11, 2)",71,0.7561944723129272,11,2,0.30917301774024963,11->71 (tens: 1->7),double,"{'type': 'tens', 'tens': {'predicted': 7, 'true': 1, 'rank': 2, 'wrong': True}, 'ones': {'predicted': 1, 'true': 1, 'rank': 1, 'wrong': False}}"
18,uncorrectable,"(12, 13)",74,0.8130275905132294,14,2,0.37129396200180054,14->74 (tens: 1->7),double,"{'type': 'tens', 'tens': {'predicted': 7, 'true': 1, 'rank': 2, 'wrong': True}, 'ones': {'predicted': 4, 'true': 4, 'rank': 1, 'wrong': False}}"
18,uncorrectable,"(14, 6)",2,0.9888719916343689,3,2,0.011127181351184845,3->2,single,None
19,none,"(0, 8)",76,0.9963738024234772,16,2,0.004705382045358419,16->76 (tens: 1->7),double,"{'type': 'tens', 'tens': {'predicted': 7, 'true': 1, 'rank': 2, 'wrong': True}, 'ones': {'predicted': 6, 'true': 6, 'rank': 1, 'wrong': False}}"
19,none,"(15, 11)",91,0.7491613179445267,11,3,0.022383537143468857,11->91 (tens: 1->9),double,"{'type': 'tens', 'tens': {'predicted': 9, 'true': 1, 'rank': 3, 'wrong': True}, 'ones': {'predicted': 1, 'true': 1, 'rank': 1, 'wrong': False}}"
20,none,"(0, 14)",75,0.7189803123474121,15,2,0.4124326705932617,15->75 (tens: 1->7),double,"{'type': 'tens', 'tens': {'predicted': 7, 'true': 1, 'rank': 2, 'wrong': True}, 'ones': {'predicted': 5, 'true': 5, 'rank': 1, 'wrong': False}}"
20,none,"(1, 7)",19,0.8846689462661743,15,2,0.15637488663196564,15->19 (ones: 5->9),double,"{'type': 'ones', 'tens': {'predicted': 1, 'true': 1, 'rank': 1, 'wrong': False}, 'ones': {'predicted': 9, 'true': 5, 'rank': 2, 'wrong': True}}"
21,none,"(15, 12)",24,0.6902084350585938,14,3,0.25274673104286194,14->24 (tens: 1->2),double,"{'type': 'tens', 'tens': {'predicted': 2, 'true': 1, 'rank': 3, 'wrong': True}, 'ones': {'predicted': 4, 'true': 4, 'rank': 1, 'wrong': False}}"
22,uncorrectable,"(0, 9)",72,0.9999171495437622,12,2,0.00014206941705197096,12->72 (tens: 1->7),double,"{'type': 'tens', 'tens': {'predicted': 7, 'true': 1, 'rank': 2, 'wrong': True}, 'ones': {'predicted': 2, 'true': 2, 'rank': 1, 'wrong': False}}"
22,uncorrectable,"(4, 9)",70,0.8586066961288452,10,2,0.25391876697540283,10->70 (tens: 1->7),double,"{'type': 'tens', 'tens': {'predicted': 7, 'true': 1, 'rank': 2, 'wrong': True}, 'ones': {'predicted': 0, 'true': 0, 'rank': 1, 'wrong': False}}"
22,uncorrectable,"(10, 14)",21,0.9998303651809692,4,5,4.4004445920453605e-11,4->21 (both digits),double,"{'type': 'both', 'tens': {'predicted': 2, 'true': 0, 'rank': 5, 'wrong': True}, 'ones': {'predicted': 1, 'true': 4, 'rank': 3, 'wrong': True}}"
22,uncorrectable,"(11, 13)",0,0.7879399955272675,10,2,0.3799899220466614,10->0 (tens: 1->0),double,"{'type': 'tens', 'tens': {'predicted': 0, 'true': 1, 'rank': 2, 'wrong': True}, 'ones': {'predicted': 0, 'true': 0, 'rank': 1, 'wrong': False}}"
22,uncorrectable,"(12, 10)",74,0.877470850944519,14,2,0.23144501447677612,14->74 (tens: 1->7),double,"{'type': 'tens', 'tens': {'predicted': 7, 'true': 1, 'rank': 2, 'wrong': True}, 'ones': {'predicted': 4, 'true': 4, 'rank': 1, 'wrong': False}}"
22,uncorrectable,"(15, 3)",17,0.7156180441379547,11,4,0.131285160779953,11->17 (ones: 1->7),double,"{'type': 'ones', 'tens': {'predicted': 1, 'true': 1, 'rank': 1, 'wrong': False}, 'ones': {'predicted': 7, 'true': 1, 'rank': 4, 'wrong': True}}"
23,none,"(4, 14)",17,0.9607114195823669,11,2,0.07845010608434677,11->17 (ones: 1->7),double,"{'type': 'ones', 'tens': {'predicted': 1, 'true': 1, 'rank': 1, 'wrong': False}, 'ones': {'predicted': 7, 'true': 1, 'rank': 2, 'wrong': True}}"
23,none,"(7, 3)",4,0.8216274380683899,14,5,0.02018873393535614,14->4 (tens: 1->0),double,"{'type': 'tens', 'tens': {'predicted': 0, 'true': 1, 'rank': 5, 'wrong': True}, 'ones': {'predicted': 4, 'true': 4, 'rank': 1, 'wrong': False}}"
23,none,"(14, 6)",75,0.7952995002269745,15,2,0.4047260582447052,15->75 (tens: 1->7),double,"{'type': 'tens', 'tens': {'predicted': 7, 'true': 1, 'rank': 2, 'wrong': True}, 'ones': {'predicted': 5, 'true': 5, 'rank': 1, 'wrong': False}}"
24,single,"(3, 8)",15,0.9851133227348328,13,2,0.029772432520985603,13->15 (ones: 3->5),double,"{'type': 'ones', 'tens': {'predicted': 1, 'true': 1, 'rank': 1, 'wrong': False}, 'ones': {'predicted': 5, 'true': 3, 'rank': 2, 'wrong': True}}"
24,single,"(5, 4)",21,0.9295986890792847,11,4,0.018733946606516838,11->21 (tens: 1->2),double,"{'type': 'tens', 'tens': {'predicted': 2, 'true': 1, 'rank': 4, 'wrong': True}, 'ones': {'predicted': 1, 'true': 1, 'rank': 1, 'wrong': False}}"
24,single,"(9, 4)",74,0.9966315031051636,14,4,0.0008627657662145793,14->74 (tens: 1->7),double,"{'type': 'tens', 'tens': {'predicted': 7, 'true': 1, 'rank': 4, 'wrong': True}, 'ones': {'predicted': 4, 'true': 4, 'rank': 1, 'wrong': False}}"
25,uncorrectable,"(3, 14)",1,0.8790453672409058,6,7,0.0002633336989674717,6->1,single,None
25,uncorrectable,"(10, 9)",75,0.9963738024234772,15,2,0.004705382045358419,15->75 (tens: 1->7),double,"{'type': 'tens', 'tens': {'predicted': 7, 'true': 1, 'rank': 2, 'wrong': True}, 'ones': {'predicted': 5, 'true': 5, 'rank': 1, 'wrong': False}}"
25,uncorrectable,"(13, 1)",74,0.7189969420433044,14,2,0.4124326705932617,14->74 (tens: 1->7),double,"{'type': 'tens', 'tens': {'predicted': 7, 'true': 1, 'rank': 2, 'wrong': True}, 'ones': {'predicted': 4, 'true': 4, 'rank': 1, 'wrong': False}}"
26,uncorrectable,"(0, 9)",75,0.7952995002269745,15,2,0.4047260582447052,15->75 (tens: 1->7),double,"{'type': 'tens', 'tens': {'predicted': 7, 'true': 1, 'rank': 2, 'wrong': True}, 'ones': {'predicted': 5, 'true': 5, 'rank': 1, 'wrong': False}}"
26,uncorrectable,"(5, 9)",94,0.749583438038826,14,3,0.022383537143468857,14->94 (tens: 1->9),double,"{'type': 'tens', 'tens': {'predicted': 9, 'true': 1, 'rank': 3, 'wrong': True}, 'ones': {'predicted': 4, 'true': 4, 'rank': 1, 'wrong': False}}"
26,uncorrectable,"(10, 12)",45,0.8878206610679626,6,7,3.948164711831126e-11,6->45 (both digits),double,"{'type': 'both', 'tens': {'predicted': 4, 'true': 0, 'rank': 7, 'wrong': True}, 'ones': {'predicted': 5, 'true': 6, 'rank': 5, 'wrong': True}}"
26,uncorrectable,"(11, 2)",24,0.9295980334281921,14,4,0.018733946606516838,14->24 (tens: 1->2),double,"{'type': 'tens', 'tens': {'predicted': 2, 'true': 1, 'rank': 4, 'wrong': True}, 'ones': {'predicted': 4, 'true': 4, 'rank': 1, 'wrong': False}}"
27,single,"(0, 5)",17,0.9993058443069458,14,2,0.0013731023063883185,14->17 (ones: 4->7),double,"{'type': 'ones', 'tens': {'predicted': 1, 'true': 1, 'rank': 1, 'wrong': False}, 'ones': {'predicted': 7, 'true': 4, 'rank': 2, 'wrong': True}}"
27,single,"(1, 10)",15,0.997649759054184,13,2,0.004693290684372187,13->15 (ones: 3->5),double,"{'type': 'ones', 'tens': {'predicted': 1, 'true': 1, 'rank': 1, 'wrong': False}, 'ones': {'predicted': 5, 'true': 3, 'rank': 2, 'wrong': True}}"
27,single,"(4, 7)",17,0.9388733804225922,11,2,0.09254184365272522,11->17 (ones: 1->7),double,"{'type': 'ones', 'tens': {'predicted': 1, 'true': 1, 'rank': 1, 'wrong': False}, 'ones': {'predicted': 7, 'true': 1, 'rank': 2, 'wrong': True}}"
27,single,"(13, 5)",71,0.9945261776447296,11,2,0.00968034379184246,11->71 (tens: 1->7),double,"{'type': 'tens', 'tens': {'predicted': 7, 'true': 1, 'rank': 2, 'wrong': True}, 'ones': {'predicted': 1, 'true': 1, 'rank': 1, 'wrong': False}}"
28,single,"(10, 6)",8,0.5869585871696472,6,2,0.38248762488365173,6->8,single,None
28,single,"(11, 5)",72,0.7189980149269104,12,2,0.4124326705932617,12->72 (tens: 1->7),double,"{'type': 'tens', 'tens': {'predicted': 7, 'true': 1, 'rank': 2, 'wrong': True}, 'ones': {'predicted': 2, 'true': 2, 'rank': 1, 'wrong': False}}"
29,none,"(3, 10)",75,0.7189980745315552,15,2,0.4124326705932617,15->75 (tens: 1->7),double,"{'type': 'tens', 'tens': {'predicted': 7, 'true': 1, 'rank': 2, 'wrong': True}, 'ones': {'predicted': 5, 'true': 5, 'rank': 1, 'wrong': False}}"
29,none,"(11, 5)",75,0.908382385969162,15,2,0.10721195489168167,15->75 (tens: 1->7),double,"{'type': 'tens', 'tens': {'predicted': 7, 'true': 1, 'rank': 2, 'wrong': True}, 'ones': {'predicted': 5, 'true': 5, 'rank': 1, 'wrong': False}}"
30,single,"(9, 13)",11,0.8534258902072906,16,3,0.03734105825424194,16->11 (ones: 6->1),double,"{'type': 'ones', 'tens': {'predicted': 1, 'true': 1, 'rank': 1, 'wrong': False}, 'ones': {'predicted': 1, 'true': 6, 'rank': 3, 'wrong': True}}"
31,single,"(5, 9)",12,0.9866803586483002,14,3,0.005000715143978596,14->12 (ones: 4->2),double,"{'type': 'ones', 'tens': {'predicted': 1, 'true': 1, 'rank': 1, 'wrong': False}, 'ones': {'predicted': 2, 'true': 4, 'rank': 3, 'wrong': True}}"
31,single,"(15, 2)",6,0.7879328429698944,16,2,0.3799899220466614,16->6 (tens: 1->0),double,"{'type': 'tens', 'tens': {'predicted': 0, 'true': 1, 'rank': 2, 'wrong': True}, 'ones': {'predicted': 6, 'true': 6, 'rank': 1, 'wrong': False}}"
32,uncorrectable,"(3, 4)",12,0.9986346065998077,16,3,0.00041091724415309727,16->12 (ones: 6->2),double,"{'type': 'ones', 'tens': {'predicted': 1, 'true': 1, 'rank': 1, 'wrong': False}, 'ones': {'predicted': 2, 'true': 6, 'rank': 3, 'wrong': True}}"
32,uncorrectable,"(7, 3)",75,0.8138622045516968,15,2,0.37129396200180054,15->75 (tens: 1->7),double,"{'type': 'tens', 'tens': {'predicted': 7, 'true': 1, 'rank': 2, 'wrong': True}, 'ones': {'predicted': 5, 'true': 5, 'rank': 1, 'wrong': False}}"
32,uncorrectable,"(8, 11)",13,0.9999226927757263,15,2,0.00014723480853717774,15->13 (ones: 5->3),double,"{'type': 'ones', 'tens': {'predicted': 1, 'true': 1, 'rank': 1, 'wrong': False}, 'ones': {'predicted': 3, 'true': 5, 'rank': 2, 'wrong': True}}"
33,two,"(6, 12)",12,0.8373822867870331,10,2,0.30406856536865234,10->12 (ones: 0->2),double,"{'type': 'ones', 'tens': {'predicted': 1, 'true': 1, 'rank': 1, 'wrong': False}, 'ones': {'predicted': 2, 'true': 0, 'rank': 2, 'wrong': True}}"
33,two,"(6, 14)",72,0.9999175071716309,12,2,0.00014206941705197096,12->72 (tens: 1->7),double,"{'type': 'tens', 'tens': {'predicted': 7, 'true': 1, 'rank': 2, 'wrong': True}, 'ones': {'predicted': 2, 'true': 2, 'rank': 1, 'wrong': False}}"
33,two,"(9, 11)",70,0.9372117817401886,10,2,0.00014206941705197096,10->70 (tens: 1->7),double,"{'type': 'tens', 'tens': {'predicted': 7, 'true': 1, 'rank': 2, 'wrong': True}, 'ones': {'predicted': 0, 'true': 0, 'rank': 1, 'wrong': False}}"
33,two,"(12, 11)",12,0.905317097902298,13,2,0.18524952232837677,13->12 (ones: 3->2),double,"{'type': 'ones', 'tens': {'predicted': 1, 'true': 1, 'rank': 1, 'wrong': False}, 'ones': {'predicted': 2, 'true': 3, 'rank': 2, 'wrong': True}}"
33,two,"(14, 5)",72,0.7565298676490784,12,2,0.30917301774024963,12->72 (tens: 1->7),double,"{'type': 'tens', 'tens': {'predicted': 7, 'true': 1, 'rank': 2, 'wrong': True}, 'ones': {'predicted': 2, 'true': 2, 'rank': 1, 'wrong': False}}"
34,none,"(1, 9)",71,0.8138622045516968,11,2,0.37129396200180054,11->71 (tens: 1->7),double,"{'type': 'tens', 'tens': {'predicted': 7, 'true': 1, 'rank': 2, 'wrong': True}, 'ones': {'predicted': 1, 'true': 1, 'rank': 1, 'wrong': False}}"
35,none,"(6, 2)",20,0.9295986890792847,10,4,0.018733946606516838,10->20 (tens: 1->2),double,"{'type': 'tens', 'tens': {'predicted': 2, 'true': 1, 'rank': 4, 'wrong': True}, 'ones': {'predicted': 0, 'true': 0, 'rank': 1, 'wrong': False}}"
35,none,"(11, 13)",17,0.999305784702301,14,2,0.0013731023063883185,14->17 (ones: 4->7),double,"{'type': 'ones', 'tens': {'predicted': 1, 'true': 1, 'rank': 1, 'wrong': False}, 'ones': {'predicted': 7, 'true': 4, 'rank': 2, 'wrong': True}}"
36,none,"(9, 8)",73,0.8625792264938354,13,2,0.25391876697540283,13->73 (tens: 1->7),double,"{'type': 'tens', 'tens': {'predicted': 7, 'true': 1, 'rank': 2, 'wrong': True}, 'ones': {'predicted': 3, 'true': 3, 'rank': 1, 'wrong': False}}"
37,none,"(6, 7)",7,0.7603249549865723,9,2,0.17323017120361328,9->7,single,None
38,uncorrectable,"(2, 5)",72,0.8774834275245667,12,2,0.23144501447677612,12->72 (tens: 1->7),double,"{'type': 'tens', 'tens': {'predicted': 7, 'true': 1, 'rank': 2, 'wrong': True}, 'ones': {'predicted': 2, 'true': 2, 'rank': 1, 'wrong': False}}"
38,uncorrectable,"(3, 2)",53,0.99657142162323,5,9,1.2370658696633091e-14,5->53 (both digits),double,"{'type': 'both', 'tens': {'predicted': 5, 'true': 0, 'rank': 9, 'wrong': True}, 'ones': {'predicted': 3, 'true': 5, 'rank': 5, 'wrong': True}}"
38,uncorrectable,"(7, 14)",57,0.9999996423721313,7,9,2.139547870469438e-12,7->57 (tens: 0->5),double,"{'type': 'tens', 'tens': {'predicted': 5, 'true': 0, 'rank': 9, 'wrong': True}, 'ones': {'predicted': 7, 'true': 7, 'rank': 1, 'wrong': False}}"
38,uncorrectable,"(12, 11)",19,0.9194681942462921,15,2,0.15637488663196564,15->19 (ones: 5->9),double,"{'type': 'ones', 'tens': {'predicted': 1, 'true': 1, 'rank': 1, 'wrong': False}, 'ones': {'predicted': 9, 'true': 5, 'rank': 2, 'wrong': True}}"
38,uncorrectable,"(13, 9)",13,0.7735487222671509,12,2,0.45204511284828186,12->13 (ones: 2->3),double,"{'type': 'ones', 'tens': {'predicted': 1, 'true': 1, 'rank': 1, 'wrong': False}, 'ones': {'predicted': 3, 'true': 2, 'rank': 2, 'wrong': True}}"
38,uncorrectable,"(14, 10)",1,0.761813223361969,7,2,0.23776011168956757,7->1,single,None
39,two,"(9, 6)",6,0.94660884141922,16,2,0.07794619351625443,16->6 (tens: 1->0),double,"{'type': 'tens', 'tens': {'predicted': 0, 'true': 1, 'rank': 2, 'wrong': True}, 'ones': {'predicted': 6, 'true': 6, 'rank': 1, 'wrong': False}}"
39,two,"(10, 6)",1,0.5226033329963684,7,3,0.18149259686470032,7->1,single,None
39,two,"(10, 12)",75,0.8774819374084473,15,2,0.23144501447677612,15->75 (tens: 1->7),double,"{'type': 'tens', 'tens': {'predicted': 7, 'true': 1, 'rank': 2, 'wrong': True}, 'ones': {'predicted': 5, 'true': 5, 'rank': 1, 'wrong': False}}"
39,two,"(11, 15)",7,0.8690378665924072,2,2,0.11782804131507874,2->7,single,None
39,two,"(15, 11)",17,0.9904027581214905,11,2,0.01832558587193489,11->17 (ones: 1->7),double,"{'type': 'ones', 'tens': {'predicted': 1, 'true': 1, 'rank': 1, 'wrong': False}, 'ones': {'predicted': 7, 'true': 1, 'rank': 2, 'wrong': True}}"
40,single,"(2, 9)",94,0.7495756894350052,14,3,0.022383537143468857,14->94 (tens: 1->9),double,"{'type': 'tens', 'tens': {'predicted': 9, 'true': 1, 'rank': 3, 'wrong': True}, 'ones': {'predicted': 4, 'true': 4, 'rank': 1, 'wrong': False}}"
40,single,"(6, 12)",5,0.9422580599784851,8,2,0.05107676982879639,8->5,single,None
41,single,"(6, 1)",96,0.749422624707222,16,3,0.022383537143468857,16->96 (tens: 1->9),double,"{'type': 'tens', 'tens': {'predicted': 9, 'true': 1, 'rank': 3, 'wrong': True}, 'ones': {'predicted': 6, 'true': 6, 'rank': 1, 'wrong': False}}"
41,single,"(7, 5)",70,0.7952995002269745,10,2,0.4047260582447052,10->70 (tens: 1->7),double,"{'type': 'tens', 'tens': {'predicted': 7, 'true': 1, 'rank': 2, 'wrong': True}, 'ones': {'predicted': 0, 'true': 0, 'rank': 1, 'wrong': False}}"
41,single,"(13, 3)",19,0.9194283187389374,15,2,0.15637488663196564,15->19 (ones: 5->9),double,"{'type': 'ones', 'tens': {'predicted': 1, 'true': 1, 'rank': 1, 'wrong': False}, 'ones': {'predicted': 9, 'true': 5, 'rank': 2, 'wrong': True}}"
41,single,"(15, 9)",1,0.761813223361969,7,2,0.23776011168956757,7->1,single,None
42,uncorrectable,"(7, 9)",53,0.7787594199180603,5,9,3.414322072044735e-21,5->53 (both digits),double,"{'type': 'both', 'tens': {'predicted': 5, 'true': 0, 'rank': 9, 'wrong': True}, 'ones': {'predicted': 3, 'true': 5, 'rank': 2, 'wrong': True}}"
43,single,"(9, 1)",76,0.8773628175258636,16,2,0.23144501447677612,16->76 (tens: 1->7),double,"{'type': 'tens', 'tens': {'predicted': 7, 'true': 1, 'rank': 2, 'wrong': True}, 'ones': {'predicted': 6, 'true': 6, 'rank': 1, 'wrong': False}}"
43,single,"(10, 4)",18,0.9520150423049927,16,3,0.0023990762419998646,16->18 (ones: 6->8),double,"{'type': 'ones', 'tens': {'predicted': 1, 'true': 1, 'rank': 1, 'wrong': False}, 'ones': {'predicted': 8, 'true': 6, 'rank': 3, 'wrong': True}}"
43,single,"(13, 3)",18,0.710834726691246,16,2,0.3926624655723572,16->18 (ones: 6->8),double,"{'type': 'ones', 'tens': {'predicted': 1, 'true': 1, 'rank': 1, 'wrong': False}, 'ones': {'predicted': 8, 'true': 6, 'rank': 2, 'wrong': True}}"
44,single,"(2, 1)",2,0.7879367768764496,12,2,0.3799899220466614,12->2 (tens: 1->0),double,"{'type': 'tens', 'tens': {'predicted': 0, 'true': 1, 'rank': 2, 'wrong': True}, 'ones': {'predicted': 2, 'true': 2, 'rank': 1, 'wrong': False}}"
44,single,"(5, 1)",12,0.9955240786075592,11,3,0.0016862787306308746,11->12 (ones: 1->2),double,"{'type': 'ones', 'tens': {'predicted': 1, 'true': 1, 'rank': 1, 'wrong': False}, 'ones': {'predicted': 2, 'true': 1, 'rank': 3, 'wrong': True}}"
45,none,"(6, 10)",74,0.9945261776447296,14,2,0.00968034379184246,14->74 (tens: 1->7),double,"{'type': 'tens', 'tens': {'predicted': 7, 'true': 1, 'rank': 2, 'wrong': True}, 'ones': {'predicted': 4, 'true': 4, 'rank': 1, 'wrong': False}}"
45,none,"(7, 4)",74,0.7952995002269745,14,2,0.4047260582447052,14->74 (tens: 1->7),double,"{'type': 'tens', 'tens': {'predicted': 7, 'true': 1, 'rank': 2, 'wrong': True}, 'ones': {'predicted': 4, 'true': 4, 'rank': 1, 'wrong': False}}"
45,none,"(8, 8)",76,0.8623180091381073,16,2,0.25391876697540283,16->76 (tens: 1->7),double,"{'type': 'tens', 'tens': {'predicted': 7, 'true': 1, 'rank': 2, 'wrong': True}, 'ones': {'predicted': 6, 'true': 6, 'rank': 1, 'wrong': False}}"
46,none,"(0, 2)",73,0.8625792264938354,13,2,0.25391876697540283,13->73 (tens: 1->7),double,"{'type': 'tens', 'tens': {'predicted': 7, 'true': 1, 'rank': 2, 'wrong': True}, 'ones': {'predicted': 3, 'true': 3, 'rank': 1, 'wrong': False}}"
46,none,"(3, 7)",70,0.994521290063858,10,2,0.00968034379184246,10->70 (tens: 1->7),double,"{'type': 'tens', 'tens': {'predicted': 7, 'true': 1, 'rank': 2, 'wrong': True}, 'ones': {'predicted': 0, 'true': 0, 'rank': 1, 'wrong': False}}"
46,none,"(4, 4)",18,0.7083945721387863,16,2,0.3926624655723572,16->18 (ones: 6->8),double,"{'type': 'ones', 'tens': {'predicted': 1, 'true': 1, 'rank': 1, 'wrong': False}, 'ones': {'predicted': 8, 'true': 6, 'rank': 2, 'wrong': True}}"
46,none,"(15, 14)",17,0.869902640581131,11,2,0.25512364506721497,11->17 (ones: 1->7),double,"{'type': 'ones', 'tens': {'predicted': 1, 'true': 1, 'rank': 1, 'wrong': False}, 'ones': {'predicted': 7, 'true': 1, 'rank': 2, 'wrong': True}}"
47,none,"(3, 6)",22,0.9295986890792847,12,4,0.018733946606516838,12->22 (tens: 1->2),double,"{'type': 'tens', 'tens': {'predicted': 2, 'true': 1, 'rank': 4, 'wrong': True}, 'ones': {'predicted': 2, 'true': 2, 'rank': 1, 'wrong': False}}"
47,none,"(4, 0)",17,0.8767625987529755,14,2,0.2391263246536255,14->17 (ones: 4->7),double,"{'type': 'ones', 'tens': {'predicted': 1, 'true': 1, 'rank': 1, 'wrong': False}, 'ones': {'predicted': 7, 'true': 4, 'rank': 2, 'wrong': True}}"
48,uncorrectable,"(0, 0)",74,0.8625762462615967,14,2,0.25391876697540283,14->74 (tens: 1->7),double,"{'type': 'tens', 'tens': {'predicted': 7, 'true': 1, 'rank': 2, 'wrong': True}, 'ones': {'predicted': 4, 'true': 4, 'rank': 1, 'wrong': False}}"
48,uncorrectable,"(0, 2)",19,0.8837330639362335,15,2,0.2316785454750061,15->19 (ones: 5->9),double,"{'type': 'ones', 'tens': {'predicted': 1, 'true': 1, 'rank': 1, 'wrong': False}, 'ones': {'predicted': 9, 'true': 5, 'rank': 2, 'wrong': True}}"
48,uncorrectable,"(1, 1)",21,0.9998303651809692,4,5,4.4004445920453605e-11,4->21 (both digits),double,"{'type': 'both', 'tens': {'predicted': 2, 'true': 0, 'rank': 5, 'wrong': True}, 'ones': {'predicted': 1, 'true': 4, 'rank': 3, 'wrong': True}}"
49,none,"(5, 7)",73,0.9999175071716309,13,2,0.00014206941705197096,13->73 (tens: 1->7),double,"{'type': 'tens', 'tens': {'predicted': 7, 'true': 1, 'rank': 2, 'wrong': True}, 'ones': {'predicted': 3, 'true': 3, 'rank': 1, 'wrong': False}}"
49,none,"(6, 12)",70,0.7189980745315552,10,2,0.4124326705932617,10->70 (tens: 1->7),double,"{'type': 'tens', 'tens': {'predicted': 7, 'true': 1, 'rank': 2, 'wrong': True}, 'ones': {'predicted': 0, 'true': 0, 'rank': 1, 'wrong': False}}"
49,none,"(13, 13)",0,0.7879399955272675,10,2,0.3799899220466614,10->0 (tens: 1->0),double,"{'type': 'tens', 'tens': {'predicted': 0, 'true': 1, 'rank': 2, 'wrong': True}, 'ones': {'predicted': 0, 'true': 0, 'rank': 1, 'wrong': False}}"
49,none,"(15, 6)",75,0.7565298676490784,15,2,0.30917301774024963,15->75 (tens: 1->7),double,"{'type': 'tens', 'tens': {'predicted': 7, 'true': 1, 'rank': 2, 'wrong': True}, 'ones': {'predicted': 5, 'true': 5, 'rank': 1, 'wrong': False}}"
50,single,"(8, 2)",17,0.99928879737854,11,2,0.0012761104153469205,11->17 (ones: 1->7),double,"{'type': 'ones', 'tens': {'predicted': 1, 'true': 1, 'rank': 1, 'wrong': False}, 'ones': {'predicted': 7, 'true': 1, 'rank': 2, 'wrong': True}}"
50,single,"(8, 13)",75,0.9945261180400848,15,2,0.00968034379184246,15->75 (tens: 1->7),double,"{'type': 'tens', 'tens': {'predicted': 7, 'true': 1, 'rank': 2, 'wrong': True}, 'ones': {'predicted': 5, 'true': 5, 'rank': 1, 'wrong': False}}"
50,single,"(10, 12)",70,0.7565298676490784,10,2,0.30917301774024963,10->70 (tens: 1->7),double,"{'type': 'tens', 'tens': {'predicted': 7, 'true': 1, 'rank': 2, 'wrong': True}, 'ones': {'predicted': 0, 'true': 0, 'rank': 1, 'wrong': False}}"
50,single,"(12, 11)",4,0.6725546717643738,1,3,0.10538415610790253,1->4,single,None
51,uncorrectable,"(6, 15)",5,0.9422580599784851,8,2,0.05107676982879639,8->5,single,None
51,uncorrectable,"(7, 12)",71,0.7189980745315552,11,2,0.4124326705932617,11->71 (tens: 1->7),double,"{'type': 'tens', 'tens': {'predicted': 7, 'true': 1, 'rank': 2, 'wrong': True}, 'ones': {'predicted': 1, 'true': 1, 'rank': 1, 'wrong': False}}"
51,uncorrectable,"(14, 3)",4,0.9309933185577393,9,2,0.048016924411058426,9->4,single,None
51,uncorrectable,"(14, 6)",76,0.6466729938983917,16,2,0.4047260582447052,16->76 (tens: 1->7),double,"{'type': 'tens', 'tens': {'predicted': 7, 'true': 1, 'rank': 2, 'wrong': True}, 'ones': {'predicted': 6, 'true': 6, 'rank': 1, 'wrong': False}}"
52,two,"(1, 14)",2,0.9888719916343689,3,2,0.011127181351184845,3->2,single,None
52,two,"(8, 14)",1,0.999221682548523,7,2,0.0006488091312348843,7->1,single,None
53,none,"(3, 14)",75,0.9966671466827393,15,4,0.0008627657662145793,15->75 (tens: 1->7),double,"{'type': 'tens', 'tens': {'predicted': 7, 'true': 1, 'rank': 4, 'wrong': True}, 'ones': {'predicted': 5, 'true': 5, 'rank': 1, 'wrong': False}}"
53,none,"(5, 3)",17,0.9031049609184265,11,2,0.1498066931962967,11->17 (ones: 1->7),double,"{'type': 'ones', 'tens': {'predicted': 1, 'true': 1, 'rank': 1, 'wrong': False}, 'ones': {'predicted': 7, 'true': 1, 'rank': 2, 'wrong': True}}"
53,none,"(13, 4)",73,0.9999175071716309,13,2,0.00014206941705197096,13->73 (tens: 1->7),double,"{'type': 'tens', 'tens': {'predicted': 7, 'true': 1, 'rank': 2, 'wrong': True}, 'ones': {'predicted': 3, 'true': 3, 'rank': 1, 'wrong': False}}"
53,none,"(15, 7)",22,0.9295986890792847,12,4,0.018733946606516838,12->22 (tens: 1->2),double,"{'type': 'tens', 'tens': {'predicted': 2, 'true': 1, 'rank': 4, 'wrong': True}, 'ones': {'predicted': 2, 'true': 2, 'rank': 1, 'wrong': False}}"
54,single,"(10, 10)",4,0.8869906067848206,5,2,0.11300078779459,5->4,single,None
54,single,"(13, 6)",71,0.9854112863540649,11,2,0.00014206941705197096,11->71 (tens: 1->7),double,"{'type': 'tens', 'tens': {'predicted': 7, 'true': 1, 'rank': 2, 'wrong': True}, 'ones': {'predicted': 1, 'true': 1, 'rank': 1, 'wrong': False}}"
55,uncorrectable,"(5, 10)",1,0.8790453672409058,6,7,0.0002633336989674717,6->1,single,None
55,uncorrectable,"(11, 9)",91,0.749583438038826,11,3,0.022383537143468857,11->91 (tens: 1->9),double,"{'type': 'tens', 'tens': {'predicted': 9, 'true': 1, 'rank': 3, 'wrong': True}, 'ones': {'predicted': 1, 'true': 1, 'rank': 1, 'wrong': False}}"
55,uncorrectable,"(13, 9)",70,0.8138586282730103,10,2,0.37129396200180054,10->70 (tens: 1->7),double,"{'type': 'tens', 'tens': {'predicted': 7, 'true': 1, 'rank': 2, 'wrong': True}, 'ones': {'predicted': 0, 'true': 0, 'rank': 1, 'wrong': False}}"
56,uncorrectable,"(0, 4)",75,0.908382385969162,15,2,0.10721195489168167,15->75 (tens: 1->7),double,"{'type': 'tens', 'tens': {'predicted': 7, 'true': 1, 'rank': 2, 'wrong': True}, 'ones': {'predicted': 5, 'true': 5, 'rank': 1, 'wrong': False}}"
56,uncorrectable,"(3, 0)",57,0.9999999403953552,7,8,1.2142627580474222e-16,7->57 (tens: 0->5),double,"{'type': 'tens', 'tens': {'predicted': 5, 'true': 0, 'rank': 8, 'wrong': True}, 'ones': {'predicted': 7, 'true': 7, 'rank': 1, 'wrong': False}}"
56,uncorrectable,"(6, 5)",75,0.9966671466827393,15,4,0.0008627657662145793,15->75 (tens: 1->7),double,"{'type': 'tens', 'tens': {'predicted': 7, 'true': 1, 'rank': 4, 'wrong': True}, 'ones': {'predicted': 5, 'true': 5, 'rank': 1, 'wrong': False}}"
56,uncorrectable,"(13, 8)",0,0.9466102123260498,10,2,0.07794619351625443,10->0 (tens: 1->0),double,"{'type': 'tens', 'tens': {'predicted': 0, 'true': 1, 'rank': 2, 'wrong': True}, 'ones': {'predicted': 0, 'true': 0, 'rank': 1, 'wrong': False}}"
56,uncorrectable,"(13, 11)",76,0.8132863640785217,16,2,0.37129396200180054,16->76 (tens: 1->7),double,"{'type': 'tens', 'tens': {'predicted': 7, 'true': 1, 'rank': 2, 'wrong': True}, 'ones': {'predicted': 6, 'true': 6, 'rank': 1, 'wrong': False}}"
56,uncorrectable,"(15, 14)",71,0.9999175071716309,11,2,0.00014206941705197096,11->71 (tens: 1->7),double,"{'type': 'tens', 'tens': {'predicted': 7, 'true': 1, 'rank': 2, 'wrong': True}, 'ones': {'predicted': 1, 'true': 1, 'rank': 1, 'wrong': False}}"
57,single,"(2, 13)",15,0.9976530969142914,13,2,0.004693290684372187,13->15 (ones: 3->5),double,"{'type': 'ones', 'tens': {'predicted': 1, 'true': 1, 'rank': 1, 'wrong': False}, 'ones': {'predicted': 5, 'true': 3, 'rank': 2, 'wrong': True}}"
57,single,"(4, 13)",1,0.7879341542720795,11,2,0.3799899220466614,11->1 (tens: 1->0),double,"{'type': 'tens', 'tens': {'predicted': 0, 'true': 1, 'rank': 2, 'wrong': True}, 'ones': {'predicted': 1, 'true': 1, 'rank': 1, 'wrong': False}}"
57,single,"(5, 9)",74,0.9945250451564789,14,2,0.00968034379184246,14->74 (tens: 1->7),double,"{'type': 'tens', 'tens': {'predicted': 7, 'true': 1, 'rank': 2, 'wrong': True}, 'ones': {'predicted': 4, 'true': 4, 'rank': 1, 'wrong': False}}"
58,uncorrectable,"(2, 1)",57,1.0,7,9,1.2144415014380372e-19,7->57 (tens: 0->5),double,"{'type': 'tens', 'tens': {'predicted': 5, 'true': 0, 'rank': 9, 'wrong': True}, 'ones': {'predicted': 7, 'true': 7, 'rank': 1, 'wrong': False}}"
58,uncorrectable,"(8, 5)",18,0.8251892626285553,14,2,0.34954947233200073,14->18 (ones: 4->8),double,"{'type': 'ones', 'tens': {'predicted': 1, 'true': 1, 'rank': 1, 'wrong': False}, 'ones': {'predicted': 8, 'true': 4, 'rank': 2, 'wrong': True}}"
58,uncorrectable,"(12, 15)",6,0.8216274380683899,16,5,0.02018873393535614,16->6 (tens: 1->0),double,"{'type': 'tens', 'tens': {'predicted': 0, 'true': 1, 'rank': 5, 'wrong': True}, 'ones': {'predicted': 6, 'true': 6, 'rank': 1, 'wrong': False}}"
59,uncorrectable,"(4, 8)",0,0.7393317818641663,5,2,0.25563839077949524,5->0,single,None
59,uncorrectable,"(6, 12)",76,0.8774755001068115,16,2,0.23144501447677612,16->76 (tens: 1->7),double,"{'type': 'tens', 'tens': {'predicted': 7, 'true': 1, 'rank': 2, 'wrong': True}, 'ones': {'predicted': 6, 'true': 6, 'rank': 1, 'wrong': False}}"
59,uncorrectable,"(11, 0)",57,1.0,7,9,1.2144415014380372e-19,7->57 (tens: 0->5),double,"{'type': 'tens', 'tens': {'predicted': 5, 'true': 0, 'rank': 9, 'wrong': True}, 'ones': {'predicted': 7, 'true': 7, 'rank': 1, 'wrong': False}}"
59,uncorrectable,"(13, 14)",18,0.9828417599201202,16,2,0.022986527532339096,16->18 (ones: 6->8),double,"{'type': 'ones', 'tens': {'predicted': 1, 'true': 1, 'rank': 1, 'wrong': False}, 'ones': {'predicted': 8, 'true': 6, 'rank': 2, 'wrong': True}}"
60,uncorrectable,"(3, 6)",4,0.9996415376663208,8,2,0.0003545932995621115,8->4,single,None
60,uncorrectable,"(6, 12)",24,0.9295977354049683,14,4,0.018733946606516838,14->24 (tens: 1->2),double,"{'type': 'tens', 'tens': {'predicted': 2, 'true': 1, 'rank': 4, 'wrong': True}, 'ones': {'predicted': 4, 'true': 4, 'rank': 1, 'wrong': False}}"
60,uncorrectable,"(10, 8)",12,0.8822161555290222,14,2,0.2313975840806961,14->12 (ones: 4->2),double,"{'type': 'ones', 'tens': {'predicted': 1, 'true': 1, 'rank': 1, 'wrong': False}, 'ones': {'predicted': 2, 'true': 4, 'rank': 2, 'wrong': True}}"
60,uncorrectable,"(12, 10)",24,0.6902086138725281,14,3,0.25274673104286194,14->24 (tens: 1->2),double,"{'type': 'tens', 'tens': {'predicted': 2, 'true': 1, 'rank': 3, 'wrong': True}, 'ones': {'predicted': 4, 'true': 4, 'rank': 1, 'wrong': False}}"
61,uncorrectable,"(5, 2)",13,0.7991200983524323,11,4,0.012945814989507198,11->13 (ones: 1->3),double,"{'type': 'ones', 'tens': {'predicted': 1, 'true': 1, 'rank': 1, 'wrong': False}, 'ones': {'predicted': 3, 'true': 1, 'rank': 4, 'wrong': True}}"
61,uncorrectable,"(9, 3)",17,0.8767808377742767,14,2,0.2391263246536255,14->17 (ones: 4->7),double,"{'type': 'ones', 'tens': {'predicted': 1, 'true': 1, 'rank': 1, 'wrong': False}, 'ones': {'predicted': 7, 'true': 4, 'rank': 2, 'wrong': True}}"
61,uncorrectable,"(10, 7)",9,0.5926827192306519,3,2,0.3546466827392578,3->9,single,None
61,uncorrectable,"(11, 1)",2,0.9888719916343689,3,2,0.011127181351184845,3->2,single,None
61,uncorrectable,"(15, 4)",14,0.9997121393680573,16,3,4.881765926256776e-05,16->14 (ones: 6->4),double,"{'type': 'ones', 'tens': {'predicted': 1, 'true': 1, 'rank': 1, 'wrong': False}, 'ones': {'predicted': 4, 'true': 6, 'rank': 3, 'wrong': True}}"
62,two,"(6, 1)",90,0.7495817095041275,10,3,0.022383537143468857,10->90 (tens: 1->9),double,"{'type': 'tens', 'tens': {'predicted': 9, 'true': 1, 'rank': 3, 'wrong': True}, 'ones': {'predicted': 0, 'true': 0, 'rank': 1, 'wrong': False}}"
62,two,"(8, 12)",11,0.8534258902072906,16,3,0.03734105825424194,16->11 (ones: 6->1),double,"{'type': 'ones', 'tens': {'predicted': 1, 'true': 1, 'rank': 1, 'wrong': False}, 'ones': {'predicted': 1, 'true': 6, 'rank': 3, 'wrong': True}}"
62,two,"(13, 7)",6,0.9999388456344604,4,2,5.9858502936549485e-05,4->6,single,None
62,two,"(15, 4)",95,0.749583438038826,15,3,0.022383537143468857,15->95 (tens: 1->9),double,"{'type': 'tens', 'tens': {'predicted': 9, 'true': 1, 'rank': 3, 'wrong': True}, 'ones': {'predicted': 5, 'true': 5, 'rank': 1, 'wrong': False}}"
63,uncorrectable,"(1, 8)",1,0.999221682548523,7,2,0.0006488091312348843,7->1,single,None
63,uncorrectable,"(2, 4)",4,0.9324840903282166,11,12,0.0,11->4,single,None
63,uncorrectable,"(13, 0)",15,0.9976530373096466,13,2,0.004693290684372187,13->15 (ones: 3->5),double,"{'type': 'ones', 'tens': {'predicted': 1, 'true': 1, 'rank': 1, 'wrong': False}, 'ones': {'predicted': 5, 'true': 3, 'rank': 2, 'wrong': True}}"
63,uncorrectable,"(14, 0)",17,0.8767826855182648,14,2,0.2391263246536255,14->17 (ones: 4->7),double,"{'type': 'ones', 'tens': {'predicted': 1, 'true': 1, 'rank': 1, 'wrong': False}, 'ones': {'predicted': 7, 'true': 4, 'rank': 2, 'wrong': True}}"
64,uncorrectable,"(7, 3)",15,0.9742628037929535,13,2,0.05074138194322586,13->15 (ones: 3->5),double,"{'type': 'ones', 'tens': {'predicted': 1, 'true': 1, 'rank': 1, 'wrong': False}, 'ones': {'predicted': 5, 'true': 3, 'rank': 2, 'wrong': True}}"
64,uncorrectable,"(7, 11)",74,0.7952995002269745,14,2,0.4047260582447052,14->74 (tens: 1->7),double,"{'type': 'tens', 'tens': {'predicted': 7, 'true': 1, 'rank': 2, 'wrong': True}, 'ones': {'predicted': 4, 'true': 4, 'rank': 1, 'wrong': False}}"
64,uncorrectable,"(12, 6)",17,0.9564042687416077,6,11,2.868300795933335e-20,6->17 (both digits),double,"{'type': 'both', 'tens': {'predicted': 1, 'true': 0, 'rank': 6, 'wrong': True}, 'ones': {'predicted': 7, 'true': 6, 'rank': 11, 'wrong': True}}"
64,uncorrectable,"(13, 4)",20,0.9295986890792847,10,4,0.018733946606516838,10->20 (tens: 1->2),double,"{'type': 'tens', 'tens': {'predicted': 2, 'true': 1, 'rank': 4, 'wrong': True}, 'ones': {'predicted': 0, 'true': 0, 'rank': 1, 'wrong': False}}"
65,uncorrectable,"(10, 4)",10,0.9515897631645203,4,9,1.0798478083939855e-10,4->10 (both digits),double,"{'type': 'both', 'tens': {'predicted': 1, 'true': 0, 'rank': 9, 'wrong': True}, 'ones': {'predicted': 0, 'true': 4, 'rank': 2, 'wrong': True}}"
66,none,"(8, 12)",72,0.908382385969162,12,2,0.10721195489168167,12->72 (tens: 1->7),double,"{'type': 'tens', 'tens': {'predicted': 7, 'true': 1, 'rank': 2, 'wrong': True}, 'ones': {'predicted': 2, 'true': 2, 'rank': 1, 'wrong': False}}"
66,none,"(9, 15)",18,0.9828417599201202,16,2,0.022986527532339096,16->18 (ones: 6->8),double,"{'type': 'ones', 'tens': {'predicted': 1, 'true': 1, 'rank': 1, 'wrong': False}, 'ones': {'predicted': 8, 'true': 6, 'rank': 2, 'wrong': True}}"
67,single,"(6, 6)",75,0.9999175071716309,15,2,0.00014206941705197096,15->75 (tens: 1->7),double,"{'type': 'tens', 'tens': {'predicted': 7, 'true': 1, 'rank': 2, 'wrong': True}, 'ones': {'predicted': 5, 'true': 5, 'rank': 1, 'wrong': False}}"
67,single,"(7, 8)",71,0.8625658750534058,11,2,0.25391876697540283,11->71 (tens: 1->7),double,"{'type': 'tens', 'tens': {'predicted': 7, 'true': 1, 'rank': 2, 'wrong': True}, 'ones': {'predicted': 1, 'true': 1, 'rank': 1, 'wrong': False}}"
67,single,"(10, 5)",76,0.9963352978229523,16,2,0.004705382045358419,16->76 (tens: 1->7),double,"{'type': 'tens', 'tens': {'predicted': 7, 'true': 1, 'rank': 2, 'wrong': True}, 'ones': {'predicted': 6, 'true': 6, 'rank': 1, 'wrong': False}}"
67,single,"(11, 8)",73,0.7564079463481903,13,2,0.30917301774024963,13->73 (tens: 1->7),double,"{'type': 'tens', 'tens': {'predicted': 7, 'true': 1, 'rank': 2, 'wrong': True}, 'ones': {'predicted': 3, 'true': 3, 'rank': 1, 'wrong': False}}"
67,single,"(15, 14)",5,0.7902407050132751,9,2,0.20972169935703278,9->5,single,None
68,none,"(6, 4)",74,0.9945261776447296,14,2,0.00968034379184246,14->74 (tens: 1->7),double,"{'type': 'tens', 'tens': {'predicted': 7, 'true': 1, 'rank': 2, 'wrong': True}, 'ones': {'predicted': 4, 'true': 4, 'rank': 1, 'wrong': False}}"
68,none,"(9, 11)",71,0.9998971819877625,11,2,0.00014206941705197096,11->71 (tens: 1->7),double,"{'type': 'tens', 'tens': {'predicted': 7, 'true': 1, 'rank': 2, 'wrong': True}, 'ones': {'predicted': 1, 'true': 1, 'rank': 1, 'wrong': False}}"
69,uncorrectable,"(0, 12)",23,0.6902086138725281,13,3,0.25274673104286194,13->23 (tens: 1->2),double,"{'type': 'tens', 'tens': {'predicted': 2, 'true': 1, 'rank': 3, 'wrong': True}, 'ones': {'predicted': 3, 'true': 3, 'rank': 1, 'wrong': False}}"
69,uncorrectable,"(1, 12)",70,0.8625792264938354,10,2,0.25391876697540283,10->70 (tens: 1->7),double,"{'type': 'tens', 'tens': {'predicted': 7, 'true': 1, 'rank': 2, 'wrong': True}, 'ones': {'predicted': 0, 'true': 0, 'rank': 1, 'wrong': False}}"
69,uncorrectable,"(2, 11)",72,0.9966671466827393,12,4,0.0008627657662145793,12->72 (tens: 1->7),double,"{'type': 'tens', 'tens': {'predicted': 7, 'true': 1, 'rank': 4, 'wrong': True}, 'ones': {'predicted': 2, 'true': 2, 'rank': 1, 'wrong': False}}"
69,uncorrectable,"(3, 15)",2,0.9466102123260498,12,2,0.07794619351625443,12->2 (tens: 1->0),double,"{'type': 'tens', 'tens': {'predicted': 0, 'true': 1, 'rank': 2, 'wrong': True}, 'ones': {'predicted': 2, 'true': 2, 'rank': 1, 'wrong': False}}"
69,uncorrectable,"(7, 11)",17,0.7963403165340424,11,2,0.28355175256729126,11->17 (ones: 1->7),double,"{'type': 'ones', 'tens': {'predicted': 1, 'true': 1, 'rank': 1, 'wrong': False}, 'ones': {'predicted': 7, 'true': 1, 'rank': 2, 'wrong': True}}"
69,uncorrectable,"(10, 13)",76,0.7189470529556274,16,2,0.4124326705932617,16->76 (tens: 1->7),double,"{'type': 'tens', 'tens': {'predicted': 7, 'true': 1, 'rank': 2, 'wrong': True}, 'ones': {'predicted': 6, 'true': 6, 'rank': 1, 'wrong': False}}"
69,uncorrectable,"(10, 14)",2,0.7199141383171082,8,2,0.27992182970046997,8->2,single,None
69,uncorrectable,"(11, 10)",4,0.8780425786972046,11,12,0.0,11->4,single,None
70,two,"(1, 0)",12,0.9986349642276764,16,3,0.00041091724415309727,16->12 (ones: 6->2),double,"{'type': 'ones', 'tens': {'predicted': 1, 'true': 1, 'rank': 1, 'wrong': False}, 'ones': {'predicted': 2, 'true': 6, 'rank': 3, 'wrong': True}}"
70,two,"(5, 14)",4,0.6725546717643738,1,3,0.10538415610790253,1->4,single,None
70,two,"(7, 8)",76,0.9998707175254822,16,2,0.00014206941705197096,16->76 (tens: 1->7),double,"{'type': 'tens', 'tens': {'predicted': 7, 'true': 1, 'rank': 2, 'wrong': True}, 'ones': {'predicted': 6, 'true': 6, 'rank': 1, 'wrong': False}}"
70,two,"(15, 0)",74,0.9949520826339722,14,4,0.0008627657662145793,14->74 (tens: 1->7),double,"{'type': 'tens', 'tens': {'predicted': 7, 'true': 1, 'rank': 4, 'wrong': True}, 'ones': {'predicted': 4, 'true': 4, 'rank': 1, 'wrong': False}}"
71,single,"(2, 4)",75,0.9966671466827393,15,4,0.0008627657662145793,15->75 (tens: 1->7),double,"{'type': 'tens', 'tens': {'predicted': 7, 'true': 1, 'rank': 4, 'wrong': True}, 'ones': {'predicted': 5, 'true': 5, 'rank': 1, 'wrong': False}}"
71,single,"(5, 11)",7,0.7640535831451416,3,2,0.18058179318904877,3->7,single,None
72,single,"(9, 10)",7,0.897294819355011,1,2,0.10265998542308807,1->7,single,None
72,single,"(11, 9)",1,0.9466100335121155,11,2,0.07794619351625443,11->1 (tens: 1->0),double,"{'type': 'tens', 'tens': {'predicted': 0, 'true': 1, 'rank': 2, 'wrong': True}, 'ones': {'predicted': 1, 'true': 1, 'rank': 1, 'wrong': False}}"
73,uncorrectable,"(0, 8)",72,0.8085522055625916,16,7,2.1603005734505132e-05,16->72 (both digits),double,"{'type': 'both', 'tens': {'predicted': 7, 'true': 1, 'rank': 2, 'wrong': True}, 'ones': {'predicted': 2, 'true': 6, 'rank': 7, 'wrong': True}}"
73,uncorrectable,"(2, 1)",70,0.9963702261447906,10,2,0.004705382045358419,10->70 (tens: 1->7),double,"{'type': 'tens', 'tens': {'predicted': 7, 'true': 1, 'rank': 2, 'wrong': True}, 'ones': {'predicted': 0, 'true': 0, 'rank': 1, 'wrong': False}}"
74,single,"(1, 8)",71,0.8138617277145386,11,2,0.37129396200180054,11->71 (tens: 1->7),double,"{'type': 'tens', 'tens': {'predicted': 7, 'true': 1, 'rank': 2, 'wrong': True}, 'ones': {'predicted': 1, 'true': 1, 'rank': 1, 'wrong': False}}"
74,single,"(7, 1)",12,0.9986349046230316,16,3,0.00041091724415309727,16->12 (ones: 6->2),double,"{'type': 'ones', 'tens': {'predicted': 1, 'true': 1, 'rank': 1, 'wrong': False}, 'ones': {'predicted': 2, 'true': 6, 'rank': 3, 'wrong': True}}"
74,single,"(14, 14)",71,0.7565298676490784,11,2,0.30917301774024963,11->71 (tens: 1->7),double,"{'type': 'tens', 'tens': {'predicted': 7, 'true': 1, 'rank': 2, 'wrong': True}, 'ones': {'predicted': 1, 'true': 1, 'rank': 1, 'wrong': False}}"
76,two,"(2, 7)",9,0.5074827671051025,7,2,0.41650041937828064,7->9,single,None
76,two,"(5, 12)",73,0.9945231974124908,13,2,0.00968034379184246,13->73 (tens: 1->7),double,"{'type': 'tens', 'tens': {'predicted': 7, 'true': 1, 'rank': 2, 'wrong': True}, 'ones': {'predicted': 3, 'true': 3, 'rank': 1, 'wrong': False}}"
76,two,"(8, 2)",13,0.7991200387477875,11,4,0.012945814989507198,11->13 (ones: 1->3),double,"{'type': 'ones', 'tens': {'predicted': 1, 'true': 1, 'rank': 1, 'wrong': False}, 'ones': {'predicted': 3, 'true': 1, 'rank': 4, 'wrong': True}}"
76,two,"(12, 7)",74,0.9966649413108826,14,4,0.0008627657662145793,14->74 (tens: 1->7),double,"{'type': 'tens', 'tens': {'predicted': 7, 'true': 1, 'rank': 4, 'wrong': True}, 'ones': {'predicted': 4, 'true': 4, 'rank': 1, 'wrong': False}}"
77,uncorrectable,"(12, 1)",9,0.7826122641563416,8,2,0.2173854559659958,8->9,single,None
77,uncorrectable,"(15, 15)",3,0.6839662194252014,5,2,0.3160015344619751,5->3,single,None
78,none,"(2, 5)",6,0.9465537071228027,16,2,0.07794619351625443,16->6 (tens: 1->0),double,"{'type': 'tens', 'tens': {'predicted': 0, 'true': 1, 'rank': 2, 'wrong': True}, 'ones': {'predicted': 6, 'true': 6, 'rank': 1, 'wrong': False}}"
78,none,"(4, 4)",24,0.9295957684516907,14,4,0.018733946606516838,14->24 (tens: 1->2),double,"{'type': 'tens', 'tens': {'predicted': 2, 'true': 1, 'rank': 4, 'wrong': True}, 'ones': {'predicted': 4, 'true': 4, 'rank': 1, 'wrong': False}}"
79,uncorrectable,"(1, 2)",2,0.9044067859649658,8,3,0.01830843649804592,8->2,single,None
79,uncorrectable,"(8, 3)",74,0.9945261180400848,14,2,0.00968034379184246,14->74 (tens: 1->7),double,"{'type': 'tens', 'tens': {'predicted': 7, 'true': 1, 'rank': 2, 'wrong': True}, 'ones': {'predicted': 4, 'true': 4, 'rank': 1, 'wrong': False}}"
79,uncorrectable,"(9, 11)",45,0.8878206610679626,6,7,3.948164711831126e-11,6->45 (both digits),double,"{'type': 'both', 'tens': {'predicted': 4, 'true': 0, 'rank': 7, 'wrong': True}, 'ones': {'predicted': 5, 'true': 6, 'rank': 5, 'wrong': True}}"
79,uncorrectable,"(13, 10)",10,0.6897054314613342,16,2,0.3152162432670593,16->10 (ones: 6->0),double,"{'type': 'ones', 'tens': {'predicted': 1, 'true': 1, 'rank': 1, 'wrong': False}, 'ones': {'predicted': 0, 'true': 6, 'rank': 2, 'wrong': True}}"
80,single,"(5, 11)",15,0.9745832085609436,13,2,0.05074138194322586,13->15 (ones: 3->5),double,"{'type': 'ones', 'tens': {'predicted': 1, 'true': 1, 'rank': 1, 'wrong': False}, 'ones': {'predicted': 5, 'true': 3, 'rank': 2, 'wrong': True}}"
80,single,"(6, 14)",17,0.999247133731842,11,2,0.0012761104153469205,11->17 (ones: 1->7),double,"{'type': 'ones', 'tens': {'predicted': 1, 'true': 1, 'rank': 1, 'wrong': False}, 'ones': {'predicted': 7, 'true': 1, 'rank': 2, 'wrong': True}}"
81,uncorrectable,"(2, 11)",13,0.6885737180709839,6,9,4.5467813040088425e-30,6->13 (both digits),double,"{'type': 'both', 'tens': {'predicted': 1, 'true': 0, 'rank': 9, 'wrong': True}, 'ones': {'predicted': 3, 'true': 6, 'rank': 9, 'wrong': True}}"
81,uncorrectable,"(9, 4)",2,0.8216007351875305,12,5,0.02018873393535614,12->2 (tens: 1->0),double,"{'type': 'tens', 'tens': {'predicted': 0, 'true': 1, 'rank': 5, 'wrong': True}, 'ones': {'predicted': 2, 'true': 2, 'rank': 1, 'wrong': False}}"
81,uncorrectable,"(10, 0)",22,0.929598331451416,12,4,0.018733946606516838,12->22 (tens: 1->2),double,"{'type': 'tens', 'tens': {'predicted': 2, 'true': 1, 'rank': 4, 'wrong': True}, 'ones': {'predicted': 2, 'true': 2, 'rank': 1, 'wrong': False}}"
81,uncorrectable,"(12, 10)",8,0.5869585871696472,6,2,0.38248762488365173,6->8,single,None
81,uncorrectable,"(13, 8)",5,0.8216274380683899,15,5,0.02018873393535614,15->5 (tens: 1->0),double,"{'type': 'tens', 'tens': {'predicted': 0, 'true': 1, 'rank': 5, 'wrong': True}, 'ones': {'predicted': 5, 'true': 5, 'rank': 1, 'wrong': False}}"
82,single,"(0, 14)",17,0.8699027001857758,11,2,0.25512364506721497,11->17 (ones: 1->7),double,"{'type': 'ones', 'tens': {'predicted': 1, 'true': 1, 'rank': 1, 'wrong': False}, 'ones': {'predicted': 7, 'true': 1, 'rank': 2, 'wrong': True}}"
82,single,"(7, 5)",90,0.749583438038826,10,3,0.022383537143468857,10->90 (tens: 1->9),double,"{'type': 'tens', 'tens': {'predicted': 9, 'true': 1, 'rank': 3, 'wrong': True}, 'ones': {'predicted': 0, 'true': 0, 'rank': 1, 'wrong': False}}"
82,single,"(9, 12)",22,0.6902086138725281,12,3,0.25274673104286194,12->22 (tens: 1->2),double,"{'type': 'tens', 'tens': {'predicted': 2, 'true': 1, 'rank': 3, 'wrong': True}, 'ones': {'predicted': 2, 'true': 2, 'rank': 1, 'wrong': False}}"
82,single,"(13, 9)",9,0.6160420179367065,8,2,0.3834701478481293,8->9,single,None
84,none,"(5, 3)",75,0.8138622045516968,15,2,0.37129396200180054,15->75 (tens: 1->7),double,"{'type': 'tens', 'tens': {'predicted': 7, 'true': 1, 'rank': 2, 'wrong': True}, 'ones': {'predicted': 5, 'true': 5, 'rank': 1, 'wrong': False}}"
84,none,"(12, 0)",18,0.9828417599201202,16,2,0.022986527532339096,16->18 (ones: 6->8),double,"{'type': 'ones', 'tens': {'predicted': 1, 'true': 1, 'rank': 1, 'wrong': False}, 'ones': {'predicted': 8, 'true': 6, 'rank': 2, 'wrong': True}}"
84,none,"(13, 10)",5,0.7879399955272675,15,2,0.3799899220466614,15->5 (tens: 1->0),double,"{'type': 'tens', 'tens': {'predicted': 0, 'true': 1, 'rank': 2, 'wrong': True}, 'ones': {'predicted': 5, 'true': 5, 'rank': 1, 'wrong': False}}"
84,none,"(14, 7)",17,0.7796084582805634,11,2,0.3325764834880829,11->17 (ones: 1->7),double,"{'type': 'ones', 'tens': {'predicted': 1, 'true': 1, 'rank': 1, 'wrong': False}, 'ones': {'predicted': 7, 'true': 1, 'rank': 2, 'wrong': True}}"
85,uncorrectable,"(1, 10)",71,0.8774834275245667,11,2,0.23144501447677612,11->71 (tens: 1->7),double,"{'type': 'tens', 'tens': {'predicted': 7, 'true': 1, 'rank': 2, 'wrong': True}, 'ones': {'predicted': 1, 'true': 1, 'rank': 1, 'wrong': False}}"
85,uncorrectable,"(2, 14)",2,0.7879267036914825,12,2,0.3799899220466614,12->2 (tens: 1->0),double,"{'type': 'tens', 'tens': {'predicted': 0, 'true': 1, 'rank': 2, 'wrong': True}, 'ones': {'predicted': 2, 'true': 2, 'rank': 1, 'wrong': False}}"
85,uncorrectable,"(3, 1)",21,0.6902086138725281,11,3,0.25274673104286194,11->21 (tens: 1->2),double,"{'type': 'tens', 'tens': {'predicted': 2, 'true': 1, 'rank': 3, 'wrong': True}, 'ones': {'predicted': 1, 'true': 1, 'rank': 1, 'wrong': False}}"
85,uncorrectable,"(4, 12)",2,0.7199141383171082,8,2,0.27992182970046997,8->2,single,None
85,uncorrectable,"(5, 8)",70,0.7952993810176849,10,2,0.4047260582447052,10->70 (tens: 1->7),double,"{'type': 'tens', 'tens': {'predicted': 7, 'true': 1, 'rank': 2, 'wrong': True}, 'ones': {'predicted': 0, 'true': 0, 'rank': 1, 'wrong': False}}"
85,uncorrectable,"(6, 6)",14,0.8897376954555511,16,2,0.18199507892131805,16->14 (ones: 6->4),double,"{'type': 'ones', 'tens': {'predicted': 1, 'true': 1, 'rank': 1, 'wrong': False}, 'ones': {'predicted': 4, 'true': 6, 'rank': 2, 'wrong': True}}"
85,uncorrectable,"(7, 13)",76,0.9083740413188934,16,2,0.10721195489168167,16->76 (tens: 1->7),double,"{'type': 'tens', 'tens': {'predicted': 7, 'true': 1, 'rank': 2, 'wrong': True}, 'ones': {'predicted': 6, 'true': 6, 'rank': 1, 'wrong': False}}"
85,uncorrectable,"(10, 3)",76,0.9999175071716309,16,2,0.00014206941705197096,16->76 (tens: 1->7),double,"{'type': 'tens', 'tens': {'predicted': 7, 'true': 1, 'rank': 2, 'wrong': True}, 'ones': {'predicted': 6, 'true': 6, 'rank': 1, 'wrong': False}}"
85,uncorrectable,"(11, 12)",72,0.9082512259483337,12,2,0.10721195489168167,12->72 (tens: 1->7),double,"{'type': 'tens', 'tens': {'predicted': 7, 'true': 1, 'rank': 2, 'wrong': True}, 'ones': {'predicted': 2, 'true': 2, 'rank': 1, 'wrong': False}}"
85,uncorrectable,"(14, 5)",96,0.6009569317102432,16,3,0.022383537143468857,16->96 (tens: 1->9),double,"{'type': 'tens', 'tens': {'predicted': 9, 'true': 1, 'rank': 3, 'wrong': True}, 'ones': {'predicted': 6, 'true': 6, 'rank': 1, 'wrong': False}}"
85,uncorrectable,"(15, 11)",72,0.718944787979126,12,2,0.4124326705932617,12->72 (tens: 1->7),double,"{'type': 'tens', 'tens': {'predicted': 7, 'true': 1, 'rank': 2, 'wrong': True}, 'ones': {'predicted': 2, 'true': 2, 'rank': 1, 'wrong': False}}"
86,uncorrectable,"(9, 14)",73,0.9945259392261505,13,2,0.00968034379184246,13->73 (tens: 1->7),double,"{'type': 'tens', 'tens': {'predicted': 7, 'true': 1, 'rank': 2, 'wrong': True}, 'ones': {'predicted': 3, 'true': 3, 'rank': 1, 'wrong': False}}"
86,uncorrectable,"(12, 11)",10,0.9998103976249695,6,9,1.2742008749220329e-26,6->10 (both digits),double,"{'type': 'both', 'tens': {'predicted': 1, 'true': 0, 'rank': 9, 'wrong': True}, 'ones': {'predicted': 0, 'true': 6, 'rank': 4, 'wrong': True}}"
86,uncorrectable,"(14, 9)",53,0.7787594199180603,5,9,3.414322072044735e-21,5->53 (both digits),double,"{'type': 'both', 'tens': {'predicted': 5, 'true': 0, 'rank': 9, 'wrong': True}, 'ones': {'predicted': 3, 'true': 5, 'rank': 2, 'wrong': True}}"
86,uncorrectable,"(15, 3)",7,0.7603249549865723,9,2,0.17323017120361328,9->7,single,None
87,uncorrectable,"(0, 4)",17,0.9982973635196686,11,4,0.0007154865306802094,11->17 (ones: 1->7),double,"{'type': 'ones', 'tens': {'predicted': 1, 'true': 1, 'rank': 1, 'wrong': False}, 'ones': {'predicted': 7, 'true': 1, 'rank': 4, 'wrong': True}}"
87,uncorrectable,"(2, 6)",53,0.7787594199180603,5,9,3.414322072044735e-21,5->53 (both digits),double,"{'type': 'both', 'tens': {'predicted': 5, 'true': 0, 'rank': 9, 'wrong': True}, 'ones': {'predicted': 3, 'true': 5, 'rank': 2, 'wrong': True}}"
87,uncorrectable,"(2, 13)",17,0.7963403165340424,11,2,0.28355175256729126,11->17 (ones: 1->7),double,"{'type': 'ones', 'tens': {'predicted': 1, 'true': 1, 'rank': 1, 'wrong': False}, 'ones': {'predicted': 7, 'true': 1, 'rank': 2, 'wrong': True}}"
87,uncorrectable,"(10, 3)",14,0.7741204500198364,16,2,0.4516567289829254,16->14 (ones: 6->4),double,"{'type': 'ones', 'tens': {'predicted': 1, 'true': 1, 'rank': 1, 'wrong': False}, 'ones': {'predicted': 4, 'true': 6, 'rank': 2, 'wrong': True}}"
87,uncorrectable,"(10, 12)",6,0.9870216250419617,8,2,0.012388072907924652,8->6,single,None
88,two,"(6, 0)",4,0.9996415376663208,8,2,0.0003545932995621115,8->4,single,None
88,two,"(12, 4)",75,0.7952995002269745,15,2,0.4047260582447052,15->75 (tens: 1->7),double,"{'type': 'tens', 'tens': {'predicted': 7, 'true': 1, 'rank': 2, 'wrong': True}, 'ones': {'predicted': 5, 'true': 5, 'rank': 1, 'wrong': False}}"
88,two,"(14, 6)",7,0.6315948963165283,1,2,0.367109090089798,1->7,single,None
89,two,"(8, 5)",2,0.7879399955272675,12,2,0.3799899220466614,12->2 (tens: 1->0),double,"{'type': 'tens', 'tens': {'predicted': 0, 'true': 1, 'rank': 2, 'wrong': True}, 'ones': {'predicted': 2, 'true': 2, 'rank': 1, 'wrong': False}}"
89,two,"(8, 14)",26,0.6902086138725281,16,3,0.25274673104286194,16->26 (tens: 1->2),double,"{'type': 'tens', 'tens': {'predicted': 2, 'true': 1, 'rank': 3, 'wrong': True}, 'ones': {'predicted': 6, 'true': 6, 'rank': 1, 'wrong': False}}"
89,two,"(10, 6)",70,0.9945261776447296,10,2,0.00968034379184246,10->70 (tens: 1->7),double,"{'type': 'tens', 'tens': {'predicted': 7, 'true': 1, 'rank': 2, 'wrong': True}, 'ones': {'predicted': 0, 'true': 0, 'rank': 1, 'wrong': False}}"
89,two,"(11, 9)",6,0.855048418045044,5,2,0.07981971651315689,5->6,single,None
89,two,"(12, 12)",17,0.8699027597904205,11,2,0.25512364506721497,11->17 (ones: 1->7),double,"{'type': 'ones', 'tens': {'predicted': 1, 'true': 1, 'rank': 1, 'wrong': False}, 'ones': {'predicted': 7, 'true': 1, 'rank': 2, 'wrong': True}}"
89,two,"(15, 13)",7,0.5771109461784363,9,2,0.4226994216442108,9->7,single,None
90,uncorrectable,"(7, 6)",12,0.8373703062534332,10,2,0.30406856536865234,10->12 (ones: 0->2),double,"{'type': 'ones', 'tens': {'predicted': 1, 'true': 1, 'rank': 1, 'wrong': False}, 'ones': {'predicted': 2, 'true': 0, 'rank': 2, 'wrong': True}}"
90,uncorrectable,"(8, 4)",9,0.9955369234085083,5,2,0.004452658351510763,5->9,single,None
90,uncorrectable,"(11, 6)",73,0.8625792264938354,13,2,0.25391876697540283,13->73 (tens: 1->7),double,"{'type': 'tens', 'tens': {'predicted': 7, 'true': 1, 'rank': 2, 'wrong': True}, 'ones': {'predicted': 3, 'true': 3, 'rank': 1, 'wrong': False}}"
90,uncorrectable,"(12, 12)",10,0.9998573362827301,6,7,3.993861449746865e-21,6->10 (both digits),double,"{'type': 'both', 'tens': {'predicted': 1, 'true': 0, 'rank': 7, 'wrong': True}, 'ones': {'predicted': 0, 'true': 6, 'rank': 4, 'wrong': True}}"
91,two,"(2, 0)",6,0.855048418045044,5,2,0.07981971651315689,5->6,single,None
91,two,"(3, 10)",4,0.6725546717643738,1,3,0.10538415610790253,1->4,single,None
92,single,"(4, 3)",2,0.8213838934898376,12,5,0.02018873393535614,12->2 (tens: 1->0),double,"{'type': 'tens', 'tens': {'predicted': 0, 'true': 1, 'rank': 5, 'wrong': True}, 'ones': {'predicted': 2, 'true': 2, 'rank': 1, 'wrong': False}}"
92,single,"(13, 9)",2,0.9044067859649658,8,3,0.01830843649804592,8->2,single,None
93,uncorrectable,"(4, 2)",9,0.8835603594779968,8,2,0.11643930524587631,8->9,single,None
93,uncorrectable,"(4, 14)",74,0.9966669678688049,14,4,0.0008627657662145793,14->74 (tens: 1->7),double,"{'type': 'tens', 'tens': {'predicted': 7, 'true': 1, 'rank': 4, 'wrong': True}, 'ones': {'predicted': 4, 'true': 4, 'rank': 1, 'wrong': False}}"
93,uncorrectable,"(11, 7)",13,0.8076241910457611,15,2,0.38360393047332764,15->13 (ones: 5->3),double,"{'type': 'ones', 'tens': {'predicted': 1, 'true': 1, 'rank': 1, 'wrong': False}, 'ones': {'predicted': 3, 'true': 5, 'rank': 2, 'wrong': True}}"
93,uncorrectable,"(11, 14)",4,0.6725546717643738,1,3,0.10538415610790253,1->4,single,None
93,uncorrectable,"(12, 14)",2,0.9888719916343689,3,2,0.011127181351184845,3->2,single,None
93,uncorrectable,"(13, 15)",71,0.9965514838695526,11,4,0.0008627657662145793,11->71 (tens: 1->7),double,"{'type': 'tens', 'tens': {'predicted': 7, 'true': 1, 'rank': 4, 'wrong': True}, 'ones': {'predicted': 1, 'true': 1, 'rank': 1, 'wrong': False}}"
93,uncorrectable,"(15, 5)",15,0.9762794375419617,13,2,0.004693290684372187,13->15 (ones: 3->5),double,"{'type': 'ones', 'tens': {'predicted': 1, 'true': 1, 'rank': 1, 'wrong': False}, 'ones': {'predicted': 5, 'true': 3, 'rank': 2, 'wrong': True}}"
94,none,"(2, 1)",17,0.9992804527282715,11,2,0.0012761104153469205,11->17 (ones: 1->7),double,"{'type': 'ones', 'tens': {'predicted': 1, 'true': 1, 'rank': 1, 'wrong': False}, 'ones': {'predicted': 7, 'true': 1, 'rank': 2, 'wrong': True}}"
94,none,"(12, 8)",72,0.9966671466827393,12,4,0.0008627657662145793,12->72 (tens: 1->7),double,"{'type': 'tens', 'tens': {'predicted': 7, 'true': 1, 'rank': 4, 'wrong': True}, 'ones': {'predicted': 2, 'true': 2, 'rank': 1, 'wrong': False}}"
95,single,"(11, 1)",4,0.9996415376663208,8,2,0.0003545932995621115,8->4,single,None
96,uncorrectable,"(1, 6)",1,0.9987155199050903,9,6,1.640273694647476e-05,9->1,single,None
96,uncorrectable,"(1, 12)",20,0.9295986294746399,10,4,0.018733946606516838,10->20 (tens: 1->2),double,"{'type': 'tens', 'tens': {'predicted': 2, 'true': 1, 'rank': 4, 'wrong': True}, 'ones': {'predicted': 0, 'true': 0, 'rank': 1, 'wrong': False}}"
96,uncorrectable,"(9, 15)",70,0.9082395434379578,10,2,0.10721195489168167,10->70 (tens: 1->7),double,"{'type': 'tens', 'tens': {'predicted': 7, 'true': 1, 'rank': 2, 'wrong': True}, 'ones': {'predicted': 0, 'true': 0, 'rank': 1, 'wrong': False}}"
96,uncorrectable,"(15, 2)",2,0.9466102123260498,12,2,0.07794619351625443,12->2 (tens: 1->0),double,"{'type': 'tens', 'tens': {'predicted': 0, 'true': 1, 'rank': 2, 'wrong': True}, 'ones': {'predicted': 2, 'true': 2, 'rank': 1, 'wrong': False}}"
96,uncorrectable,"(15, 3)",2,0.9888719916343689,3,2,0.011127181351184845,3->2,single,None
98,uncorrectable,"(0, 13)",7,0.9993240833282471,11,12,0.0,11->7,single,None
98,uncorrectable,"(5, 5)",73,0.9945261776447296,13,2,0.00968034379184246,13->73 (tens: 1->7),double,"{'type': 'tens', 'tens': {'predicted': 7, 'true': 1, 'rank': 2, 'wrong': True}, 'ones': {'predicted': 3, 'true': 3, 'rank': 1, 'wrong': False}}"
98,uncorrectable,"(11, 11)",18,0.710834190249443,16,2,0.3926624655723572,16->18 (ones: 6->8),double,"{'type': 'ones', 'tens': {'predicted': 1, 'true': 1, 'rank': 1, 'wrong': False}, 'ones': {'predicted': 8, 'true': 6, 'rank': 2, 'wrong': True}}"
99,single,"(1, 15)",17,0.9903616309165955,11,2,0.01832558587193489,11->17 (ones: 1->7),double,"{'type': 'ones', 'tens': {'predicted': 1, 'true': 1, 'rank': 1, 'wrong': False}, 'ones': {'predicted': 7, 'true': 1, 'rank': 2, 'wrong': True}}"
99,single,"(3, 14)",6,0.855048418045044,5,2,0.07981971651315689,5->6,single,None
